№;Возраст;Доходы;Наличие обеспечения;Семейное положение_divorced;Семейное положение_married;Семейное положение_single
1;1.0;0.9000620732464308;1;0;1;0
4;0.3666666666666667;0.24270639354438237;1;0;0;1
7;0.8666666666666667;0.3333333333333333;1;0;0;1
9;0.2666666666666667;1.0;1;0;0;1
12;0.9333333333333333;0.12476722532588455;1;1;0;0
17;0.0;0.006828057107386716;0;0;1;0
19;0.9333333333333333;0.0;1;1;0;0
